geo_level,district_name,district_code,district_cds,county_name,county_code,year,subgroup,cohort,chronic_absent_count,chronic_absent_rate,non_chronic_rate,rate_all,gap_vs_all
county,,,,Alameda,1.0,2024,All Students,220644.0,43937.0,0.1991,0.8009,0.1991,0.0
county,,,,Alpine,2.0,2024,All Students,63.0,26.0,0.4127,0.5873,0.4127,0.0
county,,,,Amador,3.0,2024,All Students,4356.0,1105.0,0.2537,0.7463,0.2537,0.0
county,,,,Butte,4.0,2024,All Students,31799.0,6809.0,0.2141,0.7859,0.2141,0.0
county,,,,Calaveras,5.0,2024,All Students,5710.0,1511.0,0.2646,0.7354,0.2646,0.0
county,,,,Colusa,6.0,2024,All Students,4950.0,895.0,0.1808,0.8192,0.1808,0.0
county,,,,Contra Costa,7.0,2024,All Students,176778.0,36427.0,0.2061,0.7939,0.2061,0.0
county,,,,Del Norte,8.0,2024,All Students,4379.0,1215.0,0.2775,0.7225,0.2775,0.0
county,,,,El Dorado,9.0,2024,All Students,33134.0,4671.0,0.141,0.859,0.141,0.0
county,,,,Fresno,10.0,2024,All Students,221348.0,50869.0,0.2298,0.7702,0.2298,0.0
county,,,,Glenn,11.0,2024,All Students,6829.0,1062.0,0.1555,0.8445,0.1555,0.0
county,,,,Humboldt,12.0,2024,All Students,18306.0,5097.0,0.2784,0.7216,0.2784,0.0
county,,,,Imperial,13.0,2024,All Students,37717.0,9075.0,0.2406,0.7594,0.2406,0.0
county,,,,Inyo,14.0,2024,All Students,4914.0,2517.0,0.5122,0.4878,0.5122,0.0
county,,,,Kern,15.0,2024,All Students,212082.0,41786.0,0.197,0.803,0.197,0.0
county,,,,Kings,16.0,2024,All Students,31746.0,5900.0,0.1859,0.8141,0.1859,0.0
county,,,,Lake,17.0,2024,All Students,11033.0,3808.0,0.3451,0.6549,0.3451,0.0
county,,,,Lassen,18.0,2024,All Students,4033.0,913.0,0.2264,0.7736,0.2264,0.0
county,,,,Los Angeles,19.0,2024,All Students,1368982.0,311378.0,0.2275,0.7725,0.2275,0.0
county,,,,Madera,20.0,2024,All Students,34251.0,7985.0,0.2331,0.7669,0.2331,0.0
county,,,,Marin,21.0,2024,All Students,31139.0,4264.0,0.1369,0.8631,0.1369,0.0
county,,,,Mariposa,22.0,2024,All Students,2029.0,724.0,0.3568,0.6432,0.3568,0.0
county,,,,Mendocino,23.0,2024,All Students,13420.0,3855.0,0.2873,0.7127,0.2873,0.0
county,,,,Merced,24.0,2024,All Students,63423.0,13541.0,0.2135,0.7865,0.2135,0.0
county,,,,Modoc,25.0,2024,All Students,1397.0,283.0,0.2026,0.7974,0.2026,0.0
county,,,,Mono,26.0,2024,All Students,1971.0,611.0,0.31,0.69,0.31,0.0
county,,,,Monterey,27.0,2024,All Students,76466.0,13315.0,0.1741,0.8259,0.1741,0.0
county,,,,Napa,28.0,2024,All Students,19211.0,3898.0,0.2029,0.7971,0.2029,0.0
county,,,,Nevada,29.0,2024,All Students,12511.0,3956.0,0.3162,0.6838,0.3162,0.0
county,,,,Orange,30.0,2024,All Students,456171.0,71726.0,0.1572,0.8428,0.1572,0.0
county,,,,Placer,31.0,2024,All Students,78899.0,9869.0,0.1251,0.8749,0.1251,0.0
county,,,,Plumas,32.0,2024,All Students,2144.0,678.0,0.3162,0.6838,0.3162,0.0
county,,,,Riverside,33.0,2024,All Students,449742.0,108358.0,0.2409,0.7591,0.2409,0.0
county,,,,Sacramento,34.0,2024,All Students,279541.0,75736.0,0.2709,0.7291,0.2709,0.0
county,,,,San Benito,35.0,2024,All Students,12449.0,2587.0,0.2078,0.7922,0.2078,0.0
county,,,,San Bernardino,36.0,2024,All Students,429566.0,107139.0,0.2494,0.7506,0.2494,0.0
county,,,,San Diego,37.0,2024,All Students,506853.0,99027.0,0.1954,0.8046,0.1954,0.0
county,,,,San Francisco,38.0,2024,All Students,61726.0,17568.0,0.2846,0.7154,0.2846,0.0
county,,,,San Joaquin,39.0,2024,All Students,165814.0,39406.0,0.2377,0.7623,0.2377,0.0
county,,,,San Luis Obispo,40.0,2024,All Students,34317.0,6532.0,0.1903,0.8097,0.1903,0.0
county,,,,San Mateo,41.0,2024,All Students,87394.0,14144.0,0.1618,0.8382,0.1618,0.0
county,,,,Santa Barbara,42.0,2024,All Students,70262.0,11713.0,0.1667,0.8333,0.1667,0.0
county,,,,Santa Clara,43.0,2024,All Students,244722.0,41668.0,0.1703,0.8297,0.1703,0.0
county,,,,Santa Cruz,44.0,2024,All Students,39554.0,7848.0,0.1984,0.8016,0.1984,0.0
county,,,,Shasta,45.0,2024,All Students,28643.0,5580.0,0.1948,0.8052,0.1948,0.0
county,,,,Sierra,46.0,2024,All Students,413.0,129.0,0.3123,0.6877,0.3123,0.0
county,,,,Siskiyou,47.0,2024,All Students,5993.0,1609.0,0.2685,0.7315,0.2685,0.0
county,,,,Solano,48.0,2024,All Students,63050.0,15471.0,0.2454,0.7546,0.2454,0.0
county,,,,Sonoma,49.0,2024,All Students,66866.0,14142.0,0.2115,0.7885,0.2115,0.0
county,,,,Stanislaus,50.0,2024,All Students,113750.0,22282.0,0.1959,0.8041,0.1959,0.0
county,,,,Sutter,51.0,2024,All Students,26368.0,3833.0,0.1454,0.8546,0.1454,0.0
county,,,,Tehama,52.0,2024,All Students,11694.0,2185.0,0.1868,0.8132,0.1868,0.0
county,,,,Trinity,53.0,2024,All Students,1730.0,413.0,0.2387,0.7613,0.2387,0.0
county,,,,Tulare,54.0,2024,All Students,109819.0,18839.0,0.1715,0.8285,0.1715,0.0
county,,,,Tuolumne,55.0,2024,All Students,6122.0,1427.0,0.2331,0.7669,0.2331,0.0
county,,,,Ventura,56.0,2024,All Students,130004.0,24685.0,0.1899,0.8101,0.1899,0.0
county,,,,Yolo,57.0,2024,All Students,31565.0,6442.0,0.2041,0.7959,0.2041,0.0
county,,,,Yuba,58.0,2024,All Students,17191.0,3736.0,0.2173,0.7827,0.2173,0.0
